Pregnancies,Glucose,BloodPressure,SkinThickness,Insulin,BMI,DiabetesPedigreeFunction,Age,Prediction
0.6399472601593604,-0.7785854128455086,-1.1773008083349814,0.664264084859558,0.7669322441556516,0.2254720298913615,-0.12647140206047627,0.8303811324799334,0
-0.5479185907225461,-0.3183042887368134,0.22672482439762898,0.5603676390963589,-0.4177681468385983,0.47289245745109815,-0.9781448690748651,-1.0415494364835023,0
-0.5479185907225461,-0.44981318133929776,-0.6817623497234718,-0.6306535959286484,-0.4177681468385983,-0.24026053963284777,-0.9479436823013052,-1.0415494364835023,0
1.2338801856003137,-0.48269040448991885,0.6396735399072202,-0.6306535959286484,-0.4177681468385983,-1.1426173930860033,1.160099154493175,0.06459135426761875,0
0.9369137228798371,0.4707490668780927,1.4655709709264029,-0.6306535959286484,-0.4177681468385983,-0.37124782481153196,-0.7908975110787937,1.4259954044228447,0
